Workbook

Sheet Geral
G1: RANKING DE FATURAMENTO LA FRUTA AÇAÍ 2025 - GERAL
A2: CIDADE | B2: PEDIDOS | C2: LA FRUTA IFOOD | D2: PEDIDOS | E2: LANCHES E SUCOS | F2: PEDIDOS | G2: LA FIT | H2: PEDIDOS | I2: AÇAI BARATIM | J2: PEDIDOS | K2: LA FRUTA 99FOOD | L2: PEDIDOS | M2: LA FIT 99FOOD | N2: PEDIDOS | O2: LANCHES & SUCOS 99FOOD | P2: PEDIDOS SISTEMA | Q2: FATURAMENTO TOTAL SISTEMA | R2: TOTAL DE PEDIDOS LOJA | S2: TOTAL FATURAMENTO LOJA
A3: La Fruta Açaí - Bagé | B3: 624 | C3: 35125.72 | D3: 0 | E3: 0 | F3: 0 | G3: 0 | H3: 0 | I3: 0 | J3: 0 | K3: 0 | L3: 0 | M3: 0 | N3: 0 | O3: 0 | P3: 2931 | Q3: 126030.65 | R3: =SUM(P3,N3,L3,J3,H3,F3,D3,B3) -> 3555 | S3: =SUM(Q3,O3,M3,K3,I3,G3,E3,C3) -> 161156.37
A4: La Fruta Açaí - Bento Gonçalves | B4: 1215 | C4: 65428.52 | D4: 0 | E4: 0 | F4: 9 | G4: 327.72 | H4: 0 | I4: 0 | J4: 0 | K4: 0 | L4: 0 | M4: 0 | N4: 0 | O4: 0 | P4: 1203 | Q4: 58144.64 | R4: =SUM(P4,N4,L4,J4,H4,F4,D4,B4) -> 2427 | S4: =SUM(Q4,O4,M4,K4,I4,G4,E4,C4) -> 123900.88
A5: La Fruta Açaí - BH Buritis | B5: 187 | C5: 9637.3 | D5: 0 | E5: 0 | F5: 0 | G5: 0 | H5: 0 | I5: 0 | J5: 111 | K5: 3492.2 | L5: 0 | M5: 0 | N5: 0 | O5: 0 | P5: 106 | Q5: 4147.8 | R5: =SUM(P5,N5,L5,J5,H5,F5,D5,B5) -> 404 | S5: =SUM(Q5,O5,M5,K5,I5,G5,E5,C5) -> 17277.3
A6: La Fruta Açaí - Bom Fim/ POA | B6: 1345 | C6: 57823.82 | D6: 17 | E6: 835.06 | F6: 106 | G6: 6441.46 | H6: 10 | I6: 372.33 | J6: 0 | K6: 0 | L6: 0 | M6: 0 | N6: 0 | O6: 0 | P6: 982 | Q6: 29172.21 | R6: =SUM(P6,N6,L6,J6,H6,F6,D6,B6) -> 2460 | S6: =SUM(Q6,O6,M6,K6,I6,G6,E6,C6) -> 94644.88
A7: La Fruta Açaí - Botafogo RJ | B7: 723 | C7: 36880.27 | D7: 9 | E7: 405.78 | F7: 16 | G7: 799.8 | H7: 43 | I7: 1954.22 | J7: 67 | K7: 2872.99 | L7: 0 | M7: 0 | N7: 0 | O7: 0 | P7: 127 | Q7: 4899.27 | R7: =SUM(P7,N7,L7,J7,H7,F7,D7,B7) -> 985 | S7: =SUM(Q7,O7,M7,K7,I7,G7,E7,C7) -> 47812.33
A8: La Fruta Açaí - Campinas Prado | B8: 1153 | C8: 54910.61 | D8: 23 | E8: 1154.39 | F8: 63 | G8: 3314.27 | H8: 0 | I8: 0 | J8: 311 | K8: 13199.86 | L8: 44 | M8: 1840.56 | N8: 47 | O8: 1804.48 | P8: 361 | Q8: 15734.64 | R8: =SUM(P8,N8,L8,J8,H8,F8,D8,B8) -> 2002 | S8: =SUM(Q8,O8,M8,K8,I8,G8,E8,C8) -> 91958.81
A9: La Fruta Açaí - Farroupilha | B9: 378 | C9: 18794.23 | D9: 10 | E9: 347.81 | F9: 40 | G9: 1406.5 | H9: 0 | I9: 0 | J9: 0 | K9: 0 | L9: 0 | M9: 0 | N9: 0 | O9: 0 | P9: 0 | Q9: 0 | R9: =SUM(P9,N9,L9,J9,H9,F9,D9,B9) -> 428 | S9: =SUM(Q9,O9,M9,K9,I9,G9,E9,C9) -> 20548.54
A10: La Fruta Açaí - Flores da Cunha | B10: 11 | C10: 585 | D10: 0 | E10: 0 | F10: 0 | G10: 0 | H10: 0 | I10: 0 | J10: 0 | K10: 0 | L10: 0 | M10: 0 | N10: 0 | O10: 0 | P10: 1566 | Q10: 62153.33 | R10: =SUM(P10,N10,L10,J10,H10,F10,D10,B10) -> 1577 | S10: =SUM(Q10,O10,M10,K10,I10,G10,E10,C10) -> 62738.33
A11: La Fruta Açaí - Ijuí | B11: 108 | C11: 4206.04 | D11: 0 | E11: 0 | F11: 0 | G11: 0 | H11: 0 | I11: 0 | J11: 0 | K11: 0 | L11: 0 | M11: 0 | N11: 0 | O11: 0 | P11: 368 | Q11: 12694.43 | R11: =SUM(P11,N11,L11,J11,H11,F11,D11,B11) -> 476 | S11: =SUM(Q11,O11,M11,K11,I11,G11,E11,C11) -> 16900.47
A12: La Fruta Açaí - Interlagos | B12: 55 | C12: 2151.27 | D12: 0 | E12: 0 | F12: 0 | G12: 0 | H12: 0 | I12: 0 | J12: 5 | K12: 153 | L12: 0 | M12: 0 | N12: 0 | O12: 0 | P12: 373 | Q12: 14726.47 | R12: =SUM(P12,N12,L12,J12,H12,F12,D12,B12) -> 433 | S12: =SUM(Q12,O12,M12,K12,I12,G12,E12,C12) -> 17030.74
A13: La Fruta Açaí - Itajai | B13: 658 | C13: 27934.49 | D13: 0 | E13: 0 | F13: 0 | G13: 0 | H13: 0 | I13: 0 | J13: 0 | K13: 0 | L13: 0 | M13: 0 | N13: 0 | O13: 0 | P13: 720 | Q13: 104745.39 | R13: =SUM(P13,N13,L13,J13,H13,F13,D13,B13) -> 1378 | S13: =SUM(Q13,O13,M13,K13,I13,G13,E13,C13) -> 132679.88
A14: La Fruta Açaí - Itapema | B14: 899 | C14: 62952.4 | D14: 0 | E14: 0 | F14: 0 | G14: 0 | H14: 0 | I14: 0 | J14: 0 | K14: 0 | L14: 0 | M14: 0 | N14: 0 | O14: 0 | P14: 3414 | Q14: 147614.03 | R14: =SUM(P14,N14,L14,J14,H14,F14,D14,B14) -> 4313 | S14: =SUM(Q14,O14,M14,K14,I14,G14,E14,C14) -> 210566.43
... A19: La Fruta Açaí - Osasco | B19: 951 | C19: 46281.83 | D19: 229 | E19: 8851.81 | F19: 290 | G19: 9532.58 | H19: 0 | I19: 0 | J19: 13 | K19: 634.81 | L19: 1 | M19: 8.52 | N19: 4 | O19: 134.19 | P19: 0 | Q19: 0 | R19: =SUM(P19,N19,L19,J19,H19,F19,D19,B19) -> 1488 | S19: =SUM(Q19,O19,M19,K19,I19,G19,E19,C19) -> 65443.74
A20: La Fruta Açaí - Passo Fundo | B20: 0 | C20: 0 | D20: 0 | E20: 0 | F20: 0 | G20: 0 | H20: 0 | I20: 0 | J20: 0 | K20: 0 | L20: 0 | M20: 0 | N20: 0 | O20: 0 | P20: 0 | Q20: 0 | R20: 0 | S20: 0
A21: La Fruta Açaí - Pato Branco Centro | B21: 134 | C21: 6006.33 | D21: 0 | E21: 0 | F21: 13 | G21: 569.33 | H21: 0 | I21: 0 | J21: 0 | K21: 0 | L21: 0 | M21: 0 | N21: 0 | O21: 0 | P21: 1726 | Q21: 72015.16 | R21: =SUM(P21,N21,L21,J21,H21,F21,D21,B21) -> 1873 | S21: =SUM(Q21,O21,M21,K21,I21,G21,E21,C21) -> 78590.82
A22: La Fruta Açaí - Pato Branco Shopping | B22: 0 | C22: 0 | D22: 0 | E22: 0 | F22: 0 | G22: 0 | H22: 0 | I22: 0 | J22: 0 | K22: 0 | L22: 0 | M22: 0 | N22: 0 | O22: 0 | P22: 1246 | Q22: 29960.12 | R22: =SUM(P22,N22,L22,J22,H22,F22,D22,B22) -> 1246 | S22: =SUM(Q22,O22,M22,K22,I22,G22,E22,C22) -> 29960.12
A23: La Fruta Açai - Recreio/RJ | B23: 272 | C23: 17862.75 | D23: 7 | E23: 422.17 | F23: 21 | G23: 1548.69 | H23: 0 | I23: 0 | J23: 45 | K23: 3224.08 | L23: 4 | M23: 88.12 | N23: 0 | O23: 0 | P23: 372 | Q23: 13020.48 | R23: =SUM(P23,N23,L23,J23,H23,F23,D23,B23) -> 721 | S23: =SUM(Q23,O23,M23,K23,I23,G23,E23,C23) -> 36166.29
A24: La Fruta Açai - Renascença/BH | B24: 635 | C24: 35956.53 | D24: 0 | E24: 0 | F24: 29 | G24: 1873.87 | H24: 0 | I24: 0 | J24: 129 | K24: 4639.06 | L24: 0 | M24: 0 | N24: 0 | O24: 0 | P24: 361 | Q24: 18663.61 | R24: =SUM(P24,N24,L24,J24,H24,F24,D24,B24) -> 1154 | S24: =SUM(Q24,O24,M24,K24,I24,G24,E24,C24) -> 61133.07
A25: La Fruta Açaí - Rondonopolis | B25: 65 | C25: 3800.33 | D25: 47 | E25: 1727.45 | F25: 69 | G25: 3435.33 | H25: 0 | I25: 0 | J25: 0 | K25: 0 | L25: 0 | M25: 0 | N25: 0 | O25: 0 | P25: 485 | Q25: 13255.23 | R25: =SUM(P25,N25,L25,J25,H25,F25,D25,B25) -> 666 | S25: =SUM(Q25,O25,M25,K25,I25,G25,E25,C25) -> 22218.34
A26: La Fruta Açaí - Rosário do Sul | B26: 122 | C26: 5153.81 | D26: 0 | E26: 0 | F26: 0 | G26: 0 | H26: 0 | I26: 0 | J26: 0 | K26: 0 | L26: 0 | M26: 0 | N26: 0 | O26: 0 | P26: 1126 | Q26: 52041.43 | R26: =SUM(P26,N26,L26,J26,H26,F26,D26,B26) -> 1248 | S26: =SUM(Q26,O26,M26,K26,I26,G26,E26,C26) -> 57195.24
A27: La Fruta Açaí - Samambaia Norte | B27: 570 | C27: 25594.6 | D27: 0 | E27: 0 | F27: 0 | G27: 0 | H27: 0 | I27: 0 | J27: 0 | K27: 0 | L27: 0 | M27: 0 | N27: 0 | O27: 0 | P27: 1178 | Q27: 54712.8 | R27: =SUM(P27,N27,L27,J27,H27,F27,D27,B27) -> 1748 | S27: =SUM(Q27,O27,M27,K27,I27,G27,E27,C27) -> 80307.4
A28: La Fruta Açaí - Samambaia Sul | B28: 410 | C28: 18205.25 | D28: 0 | E28: 0 | F28: 0 | G28: 0 | H28: 0 | I28: 0 | J28: 0 | K28: 0 | L28: 0 | M28: 0 | N28: 0 | O28: 0 | P28: 790 | Q28: 35535.57 | R28: =SUM(P28,N28,L28,J28,H28,F28,D28,B28) -> 1200 | S28: =SUM(Q28,O28,M28,K28,I28,G28,E28,C28) -> 53740.82
A29: La Fruta Açaí - Santa Cruz do Sul/RS | B29: 130 | C29: 7436.68 | D29: 0 | E29: 0 | F29: 0 | G29: 0 | H29: 0 | I29: 0 | J29: 0 | K29: 0 | L29: 0 | M29: 0 | N29: 0 | O29: 0 | P29: 959 | Q29: 45441.85 | R29: =SUM(P29,N29,L29,J29,H29,F29,D29,B29) -> 1089 | S29: =SUM(Q29,O29,M29,K29,I29,G29,E29,C29) -> 52878.53
A30: La Fruta Açaí - Santa Maria | B30: 663 | C30: 44226.36 | D30: 0 | E30: 0 | F30: 37 | G30: 1906.54 | H30: 0 | I30: 0 | J30: 0 | K30: 0 | L30: 0 | M30: 0 | N30: 0 | O30: 0 | P30: 1543 | Q30: 71525.16 | R30: =SUM(P30,N30,L30,J30,H30,F30,D30,B30) -> 2243 | S30: =SUM(Q30,O30,M30,K30,I30,G30,E30,C30) -> 117658.06
A31: La Fruta Açaí - Santana do Livramento | B31: 523 | C31: 33146.89 | D31: 21 | E31: 861.9 | F31: 23 | G31: 1116.29 | H31: 26 | I31: 1140.52 | J31: 0 | K31: 0 | L31: 0 | M31: 0 | N31: 0 | O31: 0 | P31: 10011 | Q31: 541301.77 | R31: =SUM(P31,N31,L31,J31,H31,F31,D31,B31) -> 10604 | S31: =SUM(Q31,O31,M31,K31,I31,G31,E31,C31) -> 577567.37
A32: La Fruta Açaí - São Bernardo do Campo | B32: 206 | C32: 12391.65 | D32: 2 | E32: 93.8 | F32: 7 | G32: 424.9 | H32: 0 | I32: 0 | J32: 37 | K32: 1870.61 | L32: 4 | M32: 214.94 | N32: 9 | O32: 354.52 | P32: 342 | Q32: 41502.9 | R32: =SUM(P32,N32,L32,J32,H32,F32,D32,B32) -> 607 | S32: =SUM(Q32,O32,M32,K32,I32,G32,E32,C32) -> 56853.32
... A39: La Fruta Açaí - Vila Mariana | B39: 559 | C39: 33664.46 | D39: 16 | E39: 973.8 | F39: 250 | G39: 19235.91 | H39: 0 | I39: 0 | J39: 154 | K39: 5302.8 | L39: 1 | M39: 18.5 | N39: 31 | O39: 1252.43 | P39: 152 | Q39: 5839.78 | R39: =SUM(P39,N39,L39,J39,H39,F39,D39,B39) -> 1163 | S39: =SUM(Q39,O39,M39,K39,I39,G39,E39,C39) -> 66287.68
A40: TOTAL | R40: =SUM(R3:R39) -> 59111 | S40: =SUM(S3:S39) -> 2959500

Sheet Ranking
A1: RANKING GERAL POR FATURAMENTO
A2: CIDADE | C2: FATURAMENTO LOJA
A3: 1º | B3: =Geral!A31 -> La Fruta Açaí - Santana do Livramento | C3: =Geral!S31 -> 577567.37
A4: 2º | B4: =Geral!A14 -> La Fruta Açaí - Itapema | C4: =Geral!S14 -> 210566.43
A5: 3º | B5: =Geral!A3 -> La Fruta Açaí - Bagé | C5: =Geral!S3 -> 161156.37
A6: 4º | B6: =Geral!A15 -> La Fruta Açaí - Jataí | C6: =Geral!S15 -> 134492.32
A7: 5º | B7: =Geral!A13 -> La Fruta Açaí - Itajai | C7: =Geral!S13 -> 132679.88
A8: 6º | B8: =Geral!A4 -> La Fruta Açaí - Bento Gonçalves | C8: =Geral!S4 -> 123900.88
A9: 7º | B9: =Geral!A30 -> La Fruta Açaí - Santa Maria | C9: =Geral!S30 -> 117658.06
A10: 8º | B10: =Geral!A6 -> La Fruta Açaí - Bom Fim/ POA | C10: =Geral!S6 -> 94644.88
A11: 9º | B11: =Geral!A8 -> La Fruta Açaí - Campinas Prado | C11: =Geral!S8 -> 91958.81
A12: 10º | B12: =Geral!A37 -> La Fruta Açaí - Uruguaiana | C12: =Geral!S37 -> 90369.28
A13: 11º | B13: =Geral!A33 -> La Fruta Açaí - São Gabriel | C13: =Geral!S33 -> 88655.51
A14: 12º | B14: =Geral!A34 -> La Fruta Açaí - São José do Rio Preto | C14: =Geral!S34 -> 86483.88
A15: 13º | B15: =Geral!A27 -> La Fruta Açaí - Samambaia Norte | C15: =Geral!S27 -> 80307.4
A16: 14º | B16: =Geral!A21 -> La Fruta Açaí - Pato Branco Centro | C16: =Geral!S21 -> 78590.82
A17: 15º | B17: =Geral!A39 -> La Fruta Açaí - Vila Mariana | C17: =Geral!S39 -> 66287.68
A18: 16º | B18: =Geral!A19 -> La Fruta Açaí - Osasco | C18: =Geral!S19 -> 65443.74
A19: 17º | B19: =Geral!A10 -> La Fruta Açaí - Flores da Cunha | C19: =Geral!S10 -> 62738.33
A20: 18º | B20: =Geral!A24 -> La Fruta Açai - Renascença/BH | C20: =Geral!S24 -> 61133.07
A21: 19º | B21: =Geral!A26 -> La Fruta Açaí - Rosário do Sul | C21: =Geral!S26 -> 57195.24
A22: 20º | B22: =Geral!A32 -> La Fruta Açaí - São Bernardo do Campo | C22: =Geral!S32 -> 56853.32
A23: 21º | B23: =Geral!A28 -> La Fruta Açaí - Samambaia Sul | C23: =Geral!S28 -> 53740.82
A24: 22º | B24: =Geral!A38 -> La Fruta Açaí - Vacaria | C24: =Geral!S38 -> 53580.91
A25: 23º | B25: =Geral!A29 -> La Fruta Açaí - Santa Cruz do Sul/RS | C25: =Geral!S29 -> 52878.53
A26: 24º | B26: =Geral!A16 -> La Fruta Açaí - Jundiaí | C26: =Geral!S16 -> 48284.66
A27: 25º | B27: =Geral!A7 -> La Fruta Açaí - Botafogo RJ | C27: =Geral!S7 -> 47812.33
A28: 26º | B28: =Geral!A23 -> La Fruta Açai - Recreio/RJ | C28: =Geral!S23 -> 36166.29
A29: 27º | B29: =Geral!A18 -> La Fruta Açaí - Mooca | C29: =Geral!S18 -> 34249.82
A30: 28º | B30: =Geral!A22 -> La Fruta Açaí - Pato Branco Shopping | C30: =Geral!S22 -> 29960.12
A31: 29º | B31: =Geral!A35 -> La Fruta Açaí - Tatuapé | C31: =Geral!S35 -> 28755.27
A32: 30º | B32: =Geral!A17 -> La Fruta Açaí - Lajeado | C32: =Geral!S17 -> 27276.97
A33: 31º | B33: =Geral!A25 -> La Fruta Açaí - Rondonopolis | C33: =Geral!S25 -> 22218.34
A34: 32º | B34: =Geral!A9 -> La Fruta Açaí - Farroupilha | C34: =Geral!S9 -> 20548.54
A35: 33º | B35: =Geral!A5 -> La Fruta Açaí - BH Buritis | C35: =Geral!S5 -> 17277.3
A36: 34º | B36: =Geral!A12 -> La Fruta Açaí - Interlagos | C36: =Geral!S12 -> 17030.74
A37: 35º | B37: =Geral!A11 -> La Fruta Açaí - Ijuí | C37: =Geral!S11 -> 16900.47
A38: 36º | B38: =Geral!A36 -> La Fruta Açaí - Tremembé | C38: =Geral!S36 -> 14135.62
A39: 37º | B39: =Geral!A20 -> La Fruta Açaí - Passo Fundo | C39: =Geral!S20 -> 0

Sheet 99Food
A1: 99FOOD
A2: FRANQUIA | C2: TOTAL
A3: 6º | B3: =Geral!A8 -> La Fruta Açaí - Campinas Prado | C3: =SUM(Geral!K8,Geral!M8,Geral!O8,) -> 16844.9
A4: 37º | B4: =Geral!A39 -> La Fruta Açaí - Vila Mariana | C4: =SUM(Geral!K39,Geral!M39,Geral!O39,) -> 6573.73
A5: 22º | B5: =Geral!A24 -> La Fruta Açai - Renascença/BH | C5: =SUM(Geral!K24,Geral!M24,Geral!O24,) -> 4639.06
A6: 34º | B6: =Geral!A36 -> La Fruta Açaí - Tremembé | C6: =SUM(Geral!K36,Geral!M36,Geral!O36,) -> 3909.09
A7: 3º | B7: =Geral!A5 -> La Fruta Açaí - BH Buritis | C7: =SUM(Geral!K5,Geral!M5,Geral!O5,) -> 3492.2
A8: 21º | B8: =Geral!A23 -> La Fruta Açai - Recreio/RJ | C8: =SUM(Geral!K23,Geral!M23,Geral!O23,) -> 3312.2
A9: 5º | B9: =Geral!A7 -> La Fruta Açaí - Botafogo RJ | C9: =SUM(Geral!K7,Geral!M7,Geral!O7,) -> 2872.99
A10: 33º | B10: =Geral!A35 -> La Fruta Açaí - Tatuapé | C10: =SUM(Geral!K35,Geral!M35,Geral!O35,) -> 2837.33
A11: 16º | B11: =Geral!A18 -> La Fruta Açaí - Mooca | C11: =SUM(Geral!K18,Geral!M18,Geral!O18,) -> 2812.81
A12: 30º | B12: =Geral!A32 -> La Fruta Açaí - São Bernardo do Campo | C12: =SUM(Geral!K32,Geral!M32,Geral!O32,) -> 2440.07
A13: 17º | B13: =Geral!A19 -> La Fruta Açaí - Osasco | C13: =SUM(Geral!K19,Geral!M19,Geral!O19,) -> 777.52
A14: 10º | B14: =Geral!A12 -> La Fruta Açaí - Interlagos | C14: =SUM(Geral!K12,Geral!M12,Geral!O12,) -> 153
A15: 1º | B15: =Geral!A3 -> La Fruta Açaí - Bagé | C15: =SUM(Geral!K3,Geral!M3,Geral!O3,) -> 0
A16: 2º | B16: =Geral!A4 -> La Fruta Açaí - Bento Gonçalves | C16: =SUM(Geral!K4,Geral!M4,Geral!O4,) -> 0
A17: 4º | B17: =Geral!A6 -> La Fruta Açaí - Bom Fim/ POA | C17: =SUM(Geral!K6,Geral!M6,Geral!O6,) -> 0
A18: 7º | B18: =Geral!A9 -> La Fruta Açaí - Farroupilha | C18: =SUM(Geral!K9,Geral!M9,Geral!O9,) -> 0
A19: 8º | B19: =Geral!A10 -> La Fruta Açaí - Flores da Cunha | C19: =SUM(Geral!K10,Geral!M10,Geral!O10,) -> 0
A20: 9º | B20: =Geral!A11 -> La Fruta Açaí - Ijuí | C20: =SUM(Geral!K11,Geral!M11,Geral!O11,) -> 0
A21: 11º | B21: =Geral!A13 -> La Fruta Açaí - Itajai | C21: =SUM(Geral!K13,Geral!M13,Geral!O13,) -> 0
A22: 12º | B22: =Geral!A14 -> La Fruta Açaí - Itapema | C22: =SUM(Geral!K14,Geral!M14,Geral!O14,) -> 0
A23: 13º | B23: =Geral!A15 -> La Fruta Açaí - Jataí | C23: =SUM(Geral!K15,Geral!M15,Geral!O15,) -> 0
A24: 14º | B24: =Geral!A16 -> La Fruta Açaí - Jundiaí | C24: =SUM(Geral!K16,Geral!M16,Geral!O16,) -> 0
A25: 15º | B25: =Geral!A17 -> La Fruta Açaí - Lajeado | C25: =SUM(Geral!K17,Geral!M17,Geral!O17,) -> 0
A26: 18º | B26: =Geral!A21 -> La Fruta Açaí - Pato Branco Centro | C26: =SUM(Geral!K21,Geral!M21,Geral!O21,) -> 0
A27: 19º | B27: =Geral!A22 -> La Fruta Açaí - Pato Branco Shopping | C27: =SUM(Geral!K22,Geral!M22,Geral!O22,) -> 0
A28: 20º | B28: =Geral!#REF! -> #REF! | C28: =SUM(Geral!#REF!,Geral!#REF!,Geral!#REF!,) -> #REF!
A29: 23º | B29: =Geral!A25 -> La Fruta Açaí - Rondonopolis | C29: =SUM(Geral!K25,Geral!M25,Geral!O25,) -> 0
A30: 24º | B30: =Geral!A26 -> La Fruta Açaí - Rosário do Sul | C30: =SUM(Geral!K26,Geral!M26,Geral!O26,) -> 0
A31: 25º | B31: =Geral!A27 -> La Fruta Açaí - Samambaia Norte | C31: =SUM(Geral!K27,Geral!M27,Geral!O27,) -> 0
A32: 26º | B32: =Geral!A28 -> La Fruta Açaí - Samambaia Sul | C32: =SUM(Geral!K28,Geral!M28,Geral!O28,) -> 0
A33: 27º | B33: =Geral!A29 -> La Fruta Açaí - Santa Cruz do Sul/RS | C33: =SUM(Geral!K29,Geral!M29,Geral!O29,) -> 0
A34: 28º | B34: =Geral!A30 -> La Fruta Açaí - Santa Maria | C34: =SUM(Geral!K30,Geral!M30,Geral!O30,) -> 0
A35: 29º | B35: =Geral!A31 -> La Fruta Açaí - Santana do Livramento | C35: =SUM(Geral!K31,Geral!M31,Geral!O31,) -> 0
A36: 31º | B36: =Geral!A33 -> La Fruta Açaí - São Gabriel | C36: =SUM(Geral!K33,Geral!M33,Geral!O33,) -> 0
A37: 32º | B37: =Geral!A34 -> La Fruta Açaí - São José do Rio Preto | C37: =SUM(Geral!K34,Geral!M34,Geral!O34,) -> 0
A38: 35º | B38: =Geral!A37 -> La Fruta Açaí - Uruguaiana | C38: =SUM(Geral!K37,Geral!M37,Geral!O37,) -> 0
A39: 36º | B39: =Geral!A38 -> La Fruta Açaí - Vacaria | C39: =SUM(Geral!K38,Geral!M38,Geral!O38,) -> 0

Sheet La Fruta
A1: POSIÇÃO | B1: CIDADE | C1: IFOOD | D1: 99FOOD | E1: TOTAL
A2: 37º | B2: =Geral!A3 -> La Fruta Açaí - Bagé | C2: =Geral!C3 -> 35125.72 | D2: =Geral!K3 -> 0 | E2: =SUM(D2,C2) -> 35125.72
A3: 3º | B3: =Geral!A4 -> La Fruta Açaí - Bento Gonçalves | C3: =Geral!C4 -> 65428.52 | D3: =Geral!K4 -> 0 | E3: =SUM(D3,C3) -> 65428.52
A4: 19º | B4: =Geral!A5 -> La Fruta Açaí - BH Buritis | C4: =Geral!C5 -> 9637.3 | D4: =Geral!K5 -> 3492.2 | E4: =SUM(D4,C4) -> 13129.5
A5: 7º | B5: =Geral!A6 -> La Fruta Açaí - Bom Fim/ POA | C5: =Geral!C6 -> 57823.82 | D5: =Geral!K6 -> 0 | E5: =SUM(D5,C5) -> 57823.82
A6: 6º | B6: =Geral!A7 -> La Fruta Açaí - Botafogo RJ | C6: =Geral!C7 -> 36880.27 | D6: =Geral!K7 -> 2872.99 | E6: =SUM(D6,C6) -> 39753.26
A7: 22º | B7: =Geral!A8 -> La Fruta Açaí - Campinas Prado | C7: =Geral!C8 -> 54910.61 | D7: =Geral!K8 -> 13199.86 | E7: =SUM(D7,C7) -> 68110.47
A8: 1º | B8: =Geral!A9 -> La Fruta Açaí - Farroupilha | C8: =Geral!C9 -> 18794.23 | D8: =Geral!K9 -> 0 | E8: =SUM(D8,C8) -> 18794.23
A9: 38º | B9: =Geral!A10 -> La Fruta Açaí - Flores da Cunha | C9: =Geral!C10 -> 585 | D9: =Geral!K10 -> 0 | E9: =SUM(D9,C9) -> 585
A10: 24º | B10: =Geral!A11 -> La Fruta Açaí - Ijuí | C10: =Geral!C11 -> 4206.04 | D10: =Geral!K11 -> 0 | E10: =SUM(D10,C10) -> 4206.04
A11: 36º | B11: =Geral!A12 -> La Fruta Açaí - Interlagos | C11: =Geral!C12 -> 2151.27 | D11: =Geral!K12 -> 153 | E11: =SUM(D11,C11) -> 2304.27
A12: 39º | B12: =Geral!A13 -> La Fruta Açaí - Itajai | C12: =Geral!C13 -> 27934.49 | D12: =Geral!K13 -> 0 | E12: =SUM(D12,C12) -> 27934.49
A13: 27º | B13: =Geral!A14 -> La Fruta Açaí - Itapema | C13: =Geral!C14 -> 62952.4 | D13: =Geral!K14 -> 0 | E13: =SUM(D13,C13) -> 62952.4
... A18: 14º | B18: =Geral!A19 -> La Fruta Açaí - Osasco | C18: =Geral!C19 -> 46281.83 | D18: =Geral!K19 -> 634.81 | E18: =SUM(D18,C18) -> 46916.64
A19: 29º | B19: =Geral!A21 -> La Fruta Açaí - Pato Branco Centro | C19: =Geral!C21 -> 6006.33 | D19: =Geral!K21 -> 0 | E19: =SUM(D19,C19) -> 6006.33
A20: 23º | B20: =Geral!A22 -> La Fruta Açaí - Pato Branco Shopping | C20: =Geral!C22 -> 0 | D20: =Geral!K22 -> 0 | E20: =SUM(D20,C20) -> 0
A21: 4º | B21: =Geral!#REF! -> #REF! | C21: =Geral!#REF! -> #REF! | D21: =Geral!#REF! -> #REF! | E21: =SUM(D21,C21) -> #REF!
A22: 40º | B22: =Geral!A23 -> La Fruta Açai - Recreio/RJ | C22: =Geral!C23 -> 17862.75 | D22: =Geral!K23 -> 3224.08 | E22: =SUM(D22,C22) -> 21086.83
A23: 31º | B23: =Geral!A24 -> La Fruta Açai - Renascença/BH | C23: =Geral!C24 -> 35956.53 | D23: =Geral!K24 -> 4639.06 | E23: =SUM(D23,C23) -> 40595.59
A24: 41º | B24: =Geral!A25 -> La Fruta Açaí - Rondonopolis | C24: =Geral!C25 -> 3800.33 | D24: =Geral!K25 -> 0 | E24: =SUM(D24,C24) -> 3800.33
A25: 2º | B25: =Geral!A26 -> La Fruta Açaí - Rosário do Sul | C25: =Geral!C26 -> 5153.81 | D25: =Geral!K26 -> 0 | E25: =SUM(D25,C25) -> 5153.81
A26: 12º | B26: =Geral!A27 -> La Fruta Açaí - Samambaia Norte | C26: =Geral!C27 -> 25594.6 | D26: =Geral!K27 -> 0 | E26: =SUM(D26,C26) -> 25594.6
A27: 20º | B27: =Geral!A28 -> La Fruta Açaí - Samambaia Sul | C27: =Geral!C28 -> 18205.25 | D27: =Geral!K28 -> 0 | E27: =SUM(D27,C27) -> 18205.25
A28: 8º | B28: =Geral!A29 -> La Fruta Açaí - Santa Cruz do Sul/RS | C28: =Geral!C29 -> 7436.68 | D28: =Geral!K29 -> 0 | E28: =SUM(D28,C28) -> 7436.68
A29: 28º | B29: =Geral!A30 -> La Fruta Açaí - Santa Maria | C29: =Geral!C30 -> 44226.36 | D29: =Geral!K30 -> 0 | E29: =SUM(D29,C29) -> 44226.36
A30: 30º | B30: =Geral!A31 -> La Fruta Açaí - Santana do Livramento | C30: =Geral!C31 -> 33146.89 | D30: =Geral!K31 -> 0 | E30: =SUM(D30,C30) -> 33146.89
A31: 18º | B31: =Geral!A32 -> La Fruta Açaí - São Bernardo do Campo | C31: =Geral!C32 -> 12391.65 | D31: =Geral!K32 -> 1870.61 | E31: =SUM(D31,C31) -> 14262.26
A32: 25º | B32: =Geral!A33 -> La Fruta Açaí - São Gabriel | C32: =Geral!C33 -> 3746.38 | D32: =Geral!K33 -> 0 | E32: =SUM(D32,C32) -> 3746.38
A33: 26º | B33: =Geral!A34 -> La Fruta Açaí - São José do Rio Preto | C33: =Geral!C34 -> 31060.75 | D33: =Geral!K34 -> 0 | E33: =SUM(D33,C33) -> 31060.75
... A38: 17º | B38: =Geral!A39 -> La Fruta Açaí - Vila Mariana | C38: =Geral!C39 -> 33664.46 | D38: =Geral!K39 -> 5302.8 | E38: =SUM(D38,C38) -> 38967.26

Sheet La Fit
A1: LA FIT
A2: CIDADE | C2: IFOOD | D2: 99FOOD | E2: TOTAL | F2: %
A3: 10º | B3: =Geral!A3 -> La Fruta Açaí - Bagé | C3: =Geral!G3 -> 0 | D3: =Geral!M3 -> 0 | E3: =SUM(D3,C3,) -> 0 | F3: =E3*5% -> 0
A4: 11º | B4: =Geral!A4 -> La Fruta Açaí - Bento Gonçalves | C4: =Geral!G4 -> 327.72 | D4: =Geral!M4 -> 0 | E4: =SUM(D4,C4,) -> 327.72 | F4: =E4*5% -> 16.386
A5: 12º | B5: =Geral!A5 -> La Fruta Açaí - BH Buritis | C5: =Geral!G5 -> 0 | D5: =Geral!M5 -> 0 | E5: =SUM(D5,C5,) -> 0 | F5: =E5*5% -> 0
A6: 13º | B6: =Geral!A6 -> La Fruta Açaí - Bom Fim/ POA | C6: =Geral!G6 -> 6441.46 | D6: =Geral!M6 -> 0 | E6: =SUM(D6,C6,) -> 6441.46 | F6: =E6*5% -> 322.073
A7: 14º | B7: =Geral!A7 -> La Fruta Açaí - Botafogo RJ | C7: =Geral!G7 -> 799.8 | D7: =Geral!M7 -> 0 | E7: =SUM(D7,C7,) -> 799.8 | F7: =E7*5% -> 39.99
A8: 15º | B8: =Geral!A8 -> La Fruta Açaí - Campinas Prado | C8: =Geral!G8 -> 3314.27 | D8: =Geral!M8 -> 1840.56 | E8: =SUM(D8,C8,) -> 5154.83 | F8: =E8*5% -> 257.7415
A9: 16º | B9: =Geral!A9 -> La Fruta Açaí - Farroupilha | C9: =Geral!G9 -> 1406.5 | D9: =Geral!M9 -> 0 | E9: =SUM(D9,C9,) -> 1406.5 | F9: =E9*5% -> 70.325
A10: 17º | B10: =Geral!A10 -> La Fruta Açaí - Flores da Cunha | C10: =Geral!G10 -> 0 | D10: =Geral!M10 -> 0 | E10: =SUM(D10,C10,) -> 0 | F10: =E10*5% -> 0
A11: 18º | B11: =Geral!A11 -> La Fruta Açaí - Ijuí | C11: =Geral!G11 -> 0 | D11: =Geral!M11 -> 0 | E11: =SUM(D11,C11,) -> 0 | F11: =E11*5% -> 0
A12: 19º | B12: =Geral!A12 -> La Fruta Açaí - Interlagos | C12: =Geral!G12 -> 0 | D12: =Geral!M12 -> 0 | E12: =SUM(D12,C12,) -> 0 | F12: =E12*5% -> 0
A13: 1º | B13: =Geral!A13 -> La Fruta Açaí - Itajai | C13: =Geral!G13 -> 0 | D13: =Geral!M13 -> 0 | E13: =SUM(D13,C13,) -> 0 | F13: =E13*5% -> 0
A14: 20º | B14: =Geral!A14 -> La Fruta Açaí - Itapema | C14: =Geral!G14 -> 0 | D14: =Geral!M14 -> 0 | E14: =SUM(D14,C14,) -> 0 | F14: =E14*5% -> 0
... A19: 25º | B19: =Geral!A19 -> La Fruta Açaí - Osasco | C19: =Geral!G19 -> 9532.58 | D19: =Geral!M19 -> 8.52 | E19: =SUM(D19,C19,) -> 9541.1 | F19: =E19*5% -> 477.055
A20: 26º | B20: =Geral!A21 -> La Fruta Açaí - Pato Branco Centro | C20: =Geral!G21 -> 569.33 | D20: =Geral!M21 -> 0 | E20: =SUM(D20,C20,) -> 569.33 | F20: =E20*5% -> 28.4665
A21: 27º | B21: =Geral!A22 -> La Fruta Açaí - Pato Branco Shopping | C21: =Geral!G22 -> 0 | D21: =Geral!M22 -> 0 | E21: =SUM(D21,C21,) -> 0 | F21: =E21*5% -> 0
A22: 28º | B22: =Geral!#REF! -> #REF! | C22: =Geral!#REF! -> #REF! | D22: =Geral!#REF! -> #REF! | E22: =SUM(D22,C22,) -> #REF! | F22: =E22*5% -> #REF!
A23: 29º | B23: =Geral!A23 -> La Fruta Açai - Recreio/RJ | C23: =Geral!G23 -> 1548.69 | D23: =Geral!M23 -> 88.12 | E23: =SUM(D23,C23,) -> 1636.81 | F23: =E23*5% -> 81.8405
A24: 2º | B24: =Geral!A24 -> La Fruta Açai - Renascença/BH | C24: =Geral!G24 -> 1873.87 | D24: =Geral!M24 -> 0 | E24: =SUM(D24,C24,) -> 1873.87 | F24: =E24*5% -> 93.6935
A25: 30º | B25: =Geral!A25 -> La Fruta Açaí - Rondonopolis | C25: =Geral!G25 -> 3435.33 | D25: =Geral!M25 -> 0 | E25: =SUM(D25,C25,) -> 3435.33 | F25: =E25*5% -> 171.7665
A26: 31º | B26: =Geral!A26 -> La Fruta Açaí - Rosário do Sul | C26: =Geral!G26 -> 0 | D26: =Geral!M26 -> 0 | E26: =SUM(D26,C26,) -> 0 | F26: =E26*5% -> 0
A27: 32º | B27: =Geral!A27 -> La Fruta Açaí - Samambaia Norte | C27: =Geral!G27 -> 0 | D27: =Geral!M27 -> 0 | E27: =SUM(D27,C27,) -> 0 | F27: =E27*5% -> 0
A28: 33º | B28: =Geral!A28 -> La Fruta Açaí - Samambaia Sul | C28: =Geral!G28 -> 0 | D28: =Geral!M28 -> 0 | E28: =SUM(D28,C28,) -> 0 | F28: =E28*5% -> 0
A29: 34º | B29: =Geral!A29 -> La Fruta Açaí - Santa Cruz do Sul/RS | C29: =Geral!G29 -> 0 | D29: =Geral!M29 -> 0 | E29: =SUM(D29,C29,) -> 0 | F29: =E29*5% -> 0
A30: 35º | B30: =Geral!A30 -> La Fruta Açaí - Santa Maria | C30: =Geral!G30 -> 1906.54 | D30: =Geral!M30 -> 0 | E30: =SUM(D30,C30,) -> 1906.54 | F30: =E30*5% -> 95.327
A31: 36º | B31: =Geral!A31 -> La Fruta Açaí - Santana do Livramento | C31: =Geral!G31 -> 1116.29 | D31: =Geral!M31 -> 0 | E31: =SUM(D31,C31,) -> 1116.29 | F31: =E31*5% -> 55.8145
A32: 37º | B32: =Geral!A32 -> La Fruta Açaí - São Bernardo do Campo | C32: =Geral!G32 -> 424.9 | D32: =Geral!M32 -> 214.94 | E32: =SUM(D32,C32,) -> 639.84 | F32: =E32*5% -> 31.992
A33: 38º | B33: =Geral!A33 -> La Fruta Açaí - São Gabriel | C33: =Geral!G33 -> 0 | D33: =Geral!M33 -> 0 | E33: =SUM(D33,C33,) -> 0 | F33: =E33*5% -> 0
A34: 39º | B34: =Geral!A34 -> La Fruta Açaí - São José do Rio Preto | C34: =Geral!G34 -> 2414.88 | D34: =Geral!M34 -> 0 | E34: =SUM(D34,C34,) -> 2414.88 | F34: =E34*5% -> 120.744
... A39: 43º | B39: =Geral!A39 -> La Fruta Açaí - Vila Mariana | C39: =Geral!G39 -> 19235.91 | D39: =Geral!M39 -> 18.5 | E39: =SUM(D39,C39,) -> 19254.41 | F39: =E39*5% -> 962.7205

Sheet Lanches
A1: Lanches e Sucos
A2: CIDADE | C2: IFOOD | D2: 99FOOD | E2: TOTAL | F2: %
A3: 10º | B3: =Geral!A3 -> La Fruta Açaí - Bagé | C3: =Geral!E3 -> 0 | D3: =Geral!O3 -> 0 | E3: =SUM(D3,C3) -> 0 | F3: =E3*5% -> 0
A4: 11º | B4: =Geral!A4 -> La Fruta Açaí - Bento Gonçalves | C4: =Geral!E4 -> 0 | D4: =Geral!O4 -> 0 | E4: =SUM(D4,C4) -> 0 | F4: =E4*5% -> 0
A5: 12º | B5: =Geral!A5 -> La Fruta Açaí - BH Buritis | C5: =Geral!E5 -> 0 | D5: =Geral!O5 -> 0 | E5: =SUM(D5,C5) -> 0 | F5: =E5*5% -> 0
A6: 13º | B6: =Geral!A6 -> La Fruta Açaí - Bom Fim/ POA | C6: =Geral!E6 -> 835.06 | D6: =Geral!O6 -> 0 | E6: =SUM(D6,C6) -> 835.06 | F6: =E6*5% -> 41.753
A7: 14º | B7: =Geral!A7 -> La Fruta Açaí - Botafogo RJ | C7: =Geral!E7 -> 405.78 | D7: =Geral!O7 -> 0 | E7: =SUM(D7,C7) -> 405.78 | F7: =E7*5% -> 20.289
A8: 15º | B8: =Geral!A8 -> La Fruta Açaí - Campinas Prado | C8: =Geral!E8 -> 1154.39 | D8: =Geral!O8 -> 1804.48 | E8: =SUM(D8,C8) -> 2958.87 | F8: =E8*5% -> 147.9435
A9: 16º | B9: =Geral!A9 -> La Fruta Açaí - Farroupilha | C9: =Geral!E9 -> 347.81 | D9: =Geral!O9 -> 0 | E9: =SUM(D9,C9) -> 347.81 | F9: =E9*5% -> 17.3905
A10: 17º | B10: =Geral!A10 -> La Fruta Açaí - Flores da Cunha | C10: =Geral!E10 -> 0 | D10: =Geral!O10 -> 0 | E10: =SUM(D10,C10) -> 0 | F10: =E10*5% -> 0
A11: 18º | B11: =Geral!A11 -> La Fruta Açaí - Ijuí | C11: =Geral!E11 -> 0 | D11: =Geral!O11 -> 0 | E11: =SUM(D11,C11) -> 0 | F11: =E11*5% -> 0
A12: 19º | B12: =Geral!A12 -> La Fruta Açaí - Interlagos | C12: =Geral!E12 -> 0 | D12: =Geral!O12 -> 0 | E12: =SUM(D12,C12) -> 0 | F12: =E12*5% -> 0
A13: 1º | B13: =Geral!A13 -> La Fruta Açaí - Itajai | C13: =Geral!E13 -> 0 | D13: =Geral!O13 -> 0 | E13: =SUM(D13,C13) -> 0 | F13: =E13*5% -> 0
A14: 20º | B14: =Geral!A14 -> La Fruta Açaí - Itapema | C14: =Geral!E14 -> 0 | D14: =Geral!O14 -> 0 | E14: =SUM(D14,C14) -> 0 | F14: =E14*5% -> 0
... A19: 25º | B19: =Geral!A19 -> La Fruta Açaí - Osasco | C19: =Geral!E19 -> 8851.81 | D19: =Geral!O19 -> 134.19 | E19: =SUM(D19,C19) -> 8986 | F19: =E19*5% -> 449.3
A20: 26º | B20: =Geral!A21 -> La Fruta Açaí - Pato Branco Centro | C20: =Geral!E21 -> 0 | D20: =Geral!O21 -> 0 | E20: =SUM(D20,C20) -> 0 | F20: =E20*5% -> 0
A21: 27º | B21: =Geral!A22 -> La Fruta Açaí - Pato Branco Shopping | C21: =Geral!E22 -> 0 | D21: =Geral!O22 -> 0 | E21: =SUM(D21,C21) -> 0 | F21: =E21*5% -> 0
A22: 28º | B22: =Geral!#REF! -> #REF! | C22: =Geral!#REF! -> #REF! | D22: =Geral!#REF! -> #REF! | E22: =SUM(D22,C22) -> #REF! | F22: =E22*5% -> #REF!
A23: 29º | B23: =Geral!A23 -> La Fruta Açai - Recreio/RJ | C23: =Geral!E23 -> 422.17 | D23: =Geral!O23 -> 0 | E23: =SUM(D23,C23) -> 422.17 | F23: =E23*5% -> 21.1085
A24: 2º | B24: =Geral!A24 -> La Fruta Açai - Renascença/BH | C24: =Geral!E24 -> 0 | D24: =Geral!O24 -> 0 | E24: =SUM(D24,C24) -> 0 | F24: =E24*5% -> 0
A25: 30º | B25: =Geral!A25 -> La Fruta Açaí - Rondonopolis | C25: =Geral!E25 -> 1727.45 | D25: =Geral!O25 -> 0 | E25: =SUM(D25,C25) -> 1727.45 | F25: =E25*5% -> 86.3725
A26: 31º | B26: =Geral!A26 -> La Fruta Açaí - Rosário do Sul | C26: =Geral!E26 -> 0 | D26: =Geral!O26 -> 0 | E26: =SUM(D26,C26) -> 0 | F26: =E26*5% -> 0
A27: 32º | B27: =Geral!A27 -> La Fruta Açaí - Samambaia Norte | C27: =Geral!E27 -> 0 | D27: =Geral!O27 -> 0 | E27: =SUM(D27,C27) -> 0 | F27: =E27*5% -> 0
A28: 33º | B28: =Geral!A28 -> La Fruta Açaí - Samambaia Sul | C28: =Geral!E28 -> 0 | D28: =Geral!O28 -> 0 | E28: =SUM(D28,C28) -> 0 | F28: =E28*5% -> 0
A29: 34º | B29: =Geral!A29 -> La Fruta Açaí - Santa Cruz do Sul/RS | C29: =Geral!E29 -> 0 | D29: =Geral!O29 -> 0 | E29: =SUM(D29,C29) -> 0 | F29: =E29*5% -> 0
A30: 35º | B30: =Geral!A30 -> La Fruta Açaí - Santa Maria | C30: =Geral!E30 -> 0 | D30: =Geral!O30 -> 0 | E30: =SUM(D30,C30) -> 0 | F30: =E30*5% -> 0
A31: 36º | B31: =Geral!A31 -> La Fruta Açaí - Santana do Livramento | C31: =Geral!E31 -> 861.9 | D31: =Geral!O31 -> 0 | E31: =SUM(D31,C31) -> 861.9 | F31: =E31*5% -> 43.095
A32: 37º | B32: =Geral!A32 -> La Fruta Açaí - São Bernardo do Campo | C32: =Geral!E32 -> 93.8 | D32: =Geral!O32 -> 354.52 | E32: =SUM(D32,C32) -> 448.32 | F32: =E32*5% -> 22.416
A33: 38º | B33: =Geral!A33 -> La Fruta Açaí - São Gabriel | C33: =Geral!E33 -> 0 | D33: =Geral!O33 -> 0 | E33: =SUM(D33,C33) -> 0 | F33: =E33*5% -> 0
A34: 39º | B34: =Geral!A34 -> La Fruta Açaí - São José do Rio Preto | C34: =Geral!E34 -> 1231.04 | D34: =Geral!O34 -> 0 | E34: =SUM(D34,C34) -> 1231.04 | F34: =E34*5% -> 61.552
... A39: 43º | B39: =Geral!A39 -> La Fruta Açaí - Vila Mariana | C39: =Geral!E39 -> 973.8 | D39: =Geral!O39 -> 1252.43 | E39: =SUM(D39,C39) -> 2226.23 | F39: =E39*5% -> 111.3115

Sheet Baratim
A1: AÇAÍ BARATIM
A2: CIDADE | C2: IFOOD | D2: 99FOOD | E2: TOTAL | F2: %
A3: 10º | B3: =Geral!A3 -> La Fruta Açaí - Bagé | C3: =Geral!I3 -> 0 | D3: 0 | E3: =SUM(D3,C3,) -> 0 | F3: =E3*5% -> 0
A4: 11º | B4: =Geral!A4 -> La Fruta Açaí - Bento Gonçalves | C4: =Geral!I4 -> 0 | D4: 0 | E4: =SUM(D4,C4,) -> 0 | F4: =E4*5% -> 0
A5: 12º | B5: =Geral!A5 -> La Fruta Açaí - BH Buritis | C5: =Geral!I5 -> 0 | D5: 0 | E5: =SUM(D5,C5,) -> 0 | F5: =E5*5% -> 0
A6: 13º | B6: =Geral!A6 -> La Fruta Açaí - Bom Fim/ POA | C6: =Geral!I6 -> 372.33 | D6: 0 | E6: =SUM(D6,C6,) -> 372.33 | F6: =E6*5% -> 18.6165
A7: 14º | B7: =Geral!A7 -> La Fruta Açaí - Botafogo RJ | C7: =Geral!I7 -> 1954.22 | D7: 0 | E7: =SUM(D7,C7,) -> 1954.22 | F7: =E7*5% -> 97.711
A8: 15º | B8: =Geral!A8 -> La Fruta Açaí - Campinas Prado | C8: =Geral!I8 -> 0 | D8: 0 | E8: =SUM(D8,C8,) -> 0 | F8: =E8*5% -> 0
A9: 16º | B9: =Geral!A9 -> La Fruta Açaí - Farroupilha | C9: =Geral!I9 -> 0 | D9: 0 | E9: =SUM(D9,C9,) -> 0 | F9: =E9*5% -> 0
A10: 17º | B10: =Geral!A10 -> La Fruta Açaí - Flores da Cunha | C10: =Geral!I10 -> 0 | D10: 0 | E10: =SUM(D10,C10,) -> 0 | F10: =E10*5% -> 0
A11: 18º | B11: =Geral!A11 -> La Fruta Açaí - Ijuí | C11: =Geral!I11 -> 0 | D11: 0 | E11: =SUM(D11,C11,) -> 0 | F11: =E11*5% -> 0
A12: 19º | B12: =Geral!A12 -> La Fruta Açaí - Interlagos | C12: =Geral!I12 -> 0 | D12: 0 | E12: =SUM(D12,C12,) -> 0 | F12: =E12*5% -> 0
A13: 1º | B13: =Geral!A13 -> La Fruta Açaí - Itajai | C13: =Geral!I13 -> 0 | D13: 0 | E13: =SUM(D13,C13,) -> 0 | F13: =E13*5% -> 0
A14: 20º | B14: =Geral!A14 -> La Fruta Açaí - Itapema | C14: =Geral!I14 -> 0 | D14: 0 | E14: =SUM(D14,C14,) -> 0 | F14: =E14*5% -> 0
... A19: 25º | B19: =Geral!A19 -> La Fruta Açaí - Osasco | C19: =Geral!I19 -> 0 | D19: 0 | E19: =SUM(D19,C19,) -> 0 | F19: =E19*5% -> 0
A20: 26º | B20: =Geral!A21 -> La Fruta Açaí - Pato Branco Centro | C20: =Geral!I21 -> 0 | D20: 0 | E20: =SUM(D20,C20,) -> 0 | F20: =E20*5% -> 0
A21: 27º | B21: =Geral!A22 -> La Fruta Açaí - Pato Branco Shopping | C21: =Geral!I22 -> 0 | D21: 0 | E21: =SUM(D21,C21,) -> 0 | F21: =E21*5% -> 0
A22: 28º | B22: =Geral!#REF! -> #REF! | C22: =Geral!#REF! -> #REF! | D22: 0 | E22: =SUM(D22,C22,) -> #REF! | F22: =E22*5% -> #REF!
A23: 29º | B23: =Geral!A23 -> La Fruta Açai - Recreio/RJ | C23: =Geral!I23 -> 0 | D23: 0 | E23: =SUM(D23,C23,) -> 0 | F23: =E23*5% -> 0
A24: 2º | B24: =Geral!A24 -> La Fruta Açai - Renascença/BH | C24: =Geral!I24 -> 0 | D24: 0 | E24: =SUM(D24,C24,) -> 0 | F24: =E24*5% -> 0
A25: 30º | B25: =Geral!A25 -> La Fruta Açaí - Rondonopolis | C25: =Geral!I25 -> 0 | D25: 0 | E25: =SUM(D25,C25,) -> 0 | F25: =E25*5% -> 0
A26: 31º | B26: =Geral!A26 -> La Fruta Açaí - Rosário do Sul | C26: =Geral!I26 -> 0 | D26: 0 | E26: =SUM(D26,C26,) -> 0 | F26: =E26*5% -> 0
A27: 32º | B27: =Geral!A27 -> La Fruta Açaí - Samambaia Norte | C27: =Geral!I27 -> 0 | D27: 0 | E27: =SUM(D27,C27,) -> 0 | F27: =E27*5% -> 0
A28: 33º | B28: =Geral!A28 -> La Fruta Açaí - Samambaia Sul | C28: =Geral!I28 -> 0 | D28: 0 | E28: =SUM(D28,C28,) -> 0 | F28: =E28*5% -> 0
A29: 34º | B29: =Geral!A29 -> La Fruta Açaí - Santa Cruz do Sul/RS | C29: =Geral!I29 -> 0 | D29: 0 | E29: =SUM(D29,C29,) -> 0 | F29: =E29*5% -> 0
A30: 35º | B30: =Geral!A30 -> La Fruta Açaí - Santa Maria | C30: =Geral!I30 -> 0 | D30: 0 | E30: =SUM(D30,C30,) -> 0 | F30: =E30*5% -> 0
A31: 36º | B31: =Geral!A31 -> La Fruta Açaí - Santana do Livramento | C31: =Geral!I31 -> 1140.52 | D31: 0 | E31: =SUM(D31,C31,) -> 1140.52 | F31: =E31*5% -> 57.026
A32: 37º | B32: =Geral!A32 -> La Fruta Açaí - São Bernardo do Campo | C32: =Geral!I32 -> 0 | D32: 0 | E32: =SUM(D32,C32,) -> 0 | F32: =E32*5% -> 0
A33: 38º | B33: =Geral!A33 -> La Fruta Açaí - São Gabriel | C33: =Geral!I33 -> 471.6 | D33: 0 | E33: =SUM(D33,C33,) -> 471.6 | F33: =E33*5% -> 23.58
A34: 39º | B34: =Geral!A34 -> La Fruta Açaí - São José do Rio Preto | C34: =Geral!I34 -> 3052.64 | D34: 0 | E34: =SUM(D34,C34,) -> 3052.64 | F34: =E34*5% -> 152.632
... A39: 43º | B39: =Geral!A39 -> La Fruta Açaí - Vila Mariana | C39: =Geral!I39 -> 0 | D39: 0 | E39: =SUM(D39,C39,) -> 0 | F39: =E39*5% -> 0
